visitor_id,visit_minutes,scare_intensity,guide,theme,enjoyment_score,fright_score,story_recall_score,immersion_score,return_interest_score
H001,22,9,Actor-guided,Witch's forest,70.3,64.5,63.6,66.1,79.3
H002,30,7,Self-guided,Witch's forest,75.6,69.2,60.9,83.7,50.8
H003,26,5,Actor-guided,Haunted mansion,66.6,53.2,67.9,59.1,47.9
H004,30,5,Actor-guided,Witch's forest,79.2,58.5,80.6,77.5,87
H005,14,1,Self-guided,Haunted mansion,47.9,41.4,50.4,53.8,40.1
H006,10,1,Self-guided,Witch's forest,57.8,40.2,47,43.5,62.7
H007,26,7,Self-guided,Haunted mansion,59.3,58.8,58,56.3,46.9
H008,26,9,Self-guided,Zombie laboratory,61.3,72.7,59.7,64.5,48.6
H009,18,7,Self-guided,Haunted mansion,53.4,50.2,52.3,58.2,51.2
H010,10,5,Actor-guided,Zombie laboratory,54.7,37.2,43.7,54.8,58.8
H011,18,9,Self-guided,Haunted mansion,54.3,49.4,53,58,45.1
H012,26,3,Self-guided,Zombie laboratory,65.8,51.1,60.8,58.2,42.3
H013,26,7,Actor-guided,Zombie laboratory,67.8,63.5,70,60.8,59.8
H014,30,5,Self-guided,Haunted mansion,63,69.1,59.9,56.6,50.6
H015,10,9,Actor-guided,Witch's forest,59.8,40.1,43.8,44.4,78.4
H016,30,3,Actor-guided,Witch's forest,80.2,48.1,82.6,80.2,88.5
H017,10,7,Actor-guided,Zombie laboratory,60.1,45.9,42.3,50.1,58.6
H018,22,3,Self-guided,Zombie laboratory,59.1,44.6,52.7,60.1,50
H019,14,3,Self-guided,Witch's forest,59.6,44,57.5,53,51.1
H020,22,9,Self-guided,Zombie laboratory,60.4,64.5,55,59,47.9
H021,18,9,Actor-guided,Haunted mansion,58.6,58.3,55.8,62.3,43.4
H022,30,9,Self-guided,Haunted mansion,65,75.7,62.6,57.3,50
H023,10,1,Actor-guided,Haunted mansion,46.9,45,41.6,48.7,33.2
H024,26,3,Self-guided,Witch's forest,65.7,43.1,56.4,76.4,59.5
H025,30,3,Self-guided,Haunted mansion,59.7,48.1,63,61.7,44
H026,22,1,Actor-guided,Haunted mansion,57.5,37.7,61.9,53.9,46.9
H027,30,7,Self-guided,Zombie laboratory,67.1,67.6,61.6,73.7,45.5
H028,22,1,Actor-guided,Witch's forest,72.3,40.3,60.7,66.1,80.1
H029,10,1,Actor-guided,Witch's forest,68,39.4,43.3,47.7,75.4
H030,10,5,Actor-guided,Witch's forest,64.5,44.8,44.6,43.2,71.3
H031,14,9,Self-guided,Witch's forest,62.5,51.2,49.7,48.4,49.2
H032,14,7,Self-guided,Zombie laboratory,52.2,45.4,54.3,51.1,49.6
H033,14,3,Self-guided,Zombie laboratory,52.4,47.8,48.6,50.1,52.5
H034,18,3,Self-guided,Haunted mansion,50.3,44.6,52.4,51.5,47.7
H035,30,5,Self-guided,Witch's forest,75.1,59.3,59.9,75.9,54.1
H036,30,7,Self-guided,Haunted mansion,67.1,66.4,57.8,54.1,46.6
H037,22,9,Self-guided,Haunted mansion,55,57.7,56.2,51.5,40.9
H038,22,7,Actor-guided,Haunted mansion,58.6,54.4,64.9,58.9,55.4
H039,22,1,Self-guided,Witch's forest,66.7,43.9,57.8,62.2,54.1
H040,14,7,Actor-guided,Witch's forest,68.7,48.1,55.1,47.9,79.7
H041,26,9,Self-guided,Haunted mansion,57.8,69,53.3,52.6,46.7
H042,14,5,Self-guided,Haunted mansion,50.7,50.4,51.6,56.6,39.3
H043,18,3,Self-guided,Zombie laboratory,54.4,41.3,52.9,57,54.3
H044,18,1,Actor-guided,Witch's forest,70,46,54.7,57.9,82.5
H045,22,9,Self-guided,Witch's forest,68.2,58.2,56.1,70.3,54.2
H046,26,9,Actor-guided,Zombie laboratory,71.6,72.9,72.8,65.8,62.8
H047,18,3,Actor-guided,Haunted mansion,50.6,39.7,56.6,51.1,46.2
H048,22,3,Actor-guided,Haunted mansion,54.6,44.8,66.3,53.7,45
H049,30,1,Self-guided,Witch's forest,76.8,42.5,61.4,77,59.7
H050,18,5,Actor-guided,Zombie laboratory,63.9,48.8,57.3,53.7,67.1
H051,18,9,Self-guided,Witch's forest,64.1,54.5,52,54.9,55.8
H052,10,3,Self-guided,Zombie laboratory,47.5,44.9,50.6,49.5,50.7
H053,30,3,Actor-guided,Zombie laboratory,68.6,55.4,79.1,64.6,65.7
H054,26,9,Actor-guided,Haunted mansion,65.6,68.2,70.4,54.8,50.4
H055,26,7,Self-guided,Zombie laboratory,61.5,61,57.6,60.8,49.1
H056,30,1,Actor-guided,Haunted mansion,61.8,40.1,78,56.8,54.6
H057,30,1,Self-guided,Zombie laboratory,71.9,39.2,54.5,68.8,56.5
H058,30,1,Actor-guided,Witch's forest,83.4,46.4,75.8,79.4,71.9
H059,30,3,Self-guided,Zombie laboratory,69.6,47.9,61.7,67.5,50.6
H060,30,3,Self-guided,Witch's forest,76.6,48.1,60.8,79,55.9
H061,18,9,Actor-guided,Zombie laboratory,64.1,54.3,56.9,60.5,60.5
H062,18,7,Actor-guided,Zombie laboratory,61.2,48.9,62.4,51.9,71.7
H063,22,5,Self-guided,Witch's forest,70,51.5,54.5,58.8,49.8
H064,26,3,Actor-guided,Witch's forest,76.6,48.5,77.2,75.6,73.3
H065,30,5,Self-guided,Zombie laboratory,73.4,58.8,62.1,67.7,46.2
H066,14,7,Actor-guided,Haunted mansion,53.6,48.3,48.9,57.4,41.1
H067,14,9,Actor-guided,Witch's forest,68.9,48.8,48.3,47.1,81.6
H068,30,9,Actor-guided,Zombie laboratory,75.5,70.7,80.2,67.5,61.6
H069,10,3,Actor-guided,Haunted mansion,51.2,44.3,47.1,55.2,48.1
H070,10,9,Actor-guided,Zombie laboratory,60.8,40.9,42.3,45.9,66.6
H071,14,9,Actor-guided,Haunted mansion,56.1,47.1,47,55.4,44.2
H072,18,1,Self-guided,Haunted mansion,49,44.2,52.4,50.7,50.6
H073,26,3,Actor-guided,Haunted mansion,56.9,50.5,71.1,56.7,51.5
H074,14,9,Actor-guided,Zombie laboratory,63.3,48,48.7,48.1,66
H075,22,3,Self-guided,Haunted mansion,53.4,46.2,55.1,55.1,47.3
H076,14,9,Self-guided,Haunted mansion,48.1,46.3,53.6,53.3,43.1
H077,26,1,Self-guided,Haunted mansion,53.1,35.9,58.6,59.4,42.8
H078,18,1,Self-guided,Zombie laboratory,59.8,43.6,53.8,54.5,51.6
H079,14,3,Self-guided,Haunted mansion,48.1,44.5,51.8,57.9,42
H080,22,1,Actor-guided,Zombie laboratory,64.9,43.8,67.1,62,59.1
H081,14,5,Actor-guided,Haunted mansion,51.7,44.9,52,57,48.1
H082,18,9,Actor-guided,Witch's forest,69,60,58.1,54.8,81.1
H083,30,7,Actor-guided,Zombie laboratory,68.9,69,81.2,67.5,67.7
H084,30,9,Self-guided,Zombie laboratory,70.1,74.4,61.4,67.2,48
H085,10,7,Self-guided,Witch's forest,56.9,41.9,53.5,44.9,54.8
H086,10,9,Self-guided,Zombie laboratory,45.6,44,48.3,44.9,54.4
H087,22,5,Actor-guided,Zombie laboratory,63.5,52.2,64.2,66.3,60.6
H088,14,5,Actor-guided,Witch's forest,66.9,46,48.9,49.8,78.4
H089,26,9,Actor-guided,Witch's forest,72.8,63.8,69.5,70.4,71.5
H090,22,5,Actor-guided,Haunted mansion,61,52.8,64.2,53.3,43.1
H091,26,5,Self-guided,Witch's forest,75.6,54.7,57.2,72.4,54.4
H092,14,3,Actor-guided,Witch's forest,70,43.5,48.4,49,78.4
H093,18,5,Self-guided,Haunted mansion,48.3,44.3,60,55.9,47.4
H094,18,7,Self-guided,Witch's forest,65.6,48.6,51.4,52.7,54.2
H095,26,1,Actor-guided,Haunted mansion,60.4,44,64.6,54.7,44.3
H096,30,5,Actor-guided,Haunted mansion,75.2,61.9,73.6,54.3,44.9
H097,14,1,Actor-guided,Haunted mansion,52,37.4,51.1,49.2,50
H098,10,9,Actor-guided,Haunted mansion,46,39.4,44.5,54.7,51.3
H099,22,1,Self-guided,Haunted mansion,52.4,46.6,54.3,53.4,55.9
H100,22,7,Self-guided,Haunted mansion,51.7,58,57.7,56.2,39.9
H101,26,5,Self-guided,Zombie laboratory,66.2,56.1,61.6,62.9,50.1
H102,22,1,Self-guided,Zombie laboratory,59.9,41.5,60.2,58.5,57
H103,14,3,Actor-guided,Haunted mansion,52.9,45.2,43.6,51.8,49.6
H104,26,5,Self-guided,Haunted mansion,59.7,57.3,51.9,52.8,30.4
H105,26,5,Actor-guided,Witch's forest,80,54.1,69.4,69.6,80.2
H106,26,7,Actor-guided,Witch's forest,74.6,63.5,67.3,71,79.9
H107,10,7,Self-guided,Zombie laboratory,47.8,42.1,48.5,49.1,57
H108,30,9,Self-guided,Witch's forest,76.8,74.5,56.4,77.5,49.8
H109,26,7,Self-guided,Witch's forest,69.7,62.4,53.9,66.1,54.6
H110,14,1,Self-guided,Zombie laboratory,49.6,39,50.6,55.2,47.5
H111,22,3,Actor-guided,Witch's forest,75.1,44.9,60.9,65.8,77.2
H112,18,7,Self-guided,Zombie laboratory,54.7,51.1,47.7,58.7,43.9
H113,18,5,Actor-guided,Witch's forest,69.2,47.9,54.9,60.1,74.3
H114,18,5,Self-guided,Zombie laboratory,59.7,54.7,52.4,53.8,51.4
H115,18,1,Actor-guided,Haunted mansion,60.3,43.9,54.9,50.4,45.2
H116,26,5,Actor-guided,Zombie laboratory,75.8,59.8,69.6,64.7,64.7
H117,18,7,Actor-guided,Witch's forest,66.6,49.8,62.3,57.4,80.8
H118,14,7,Self-guided,Witch's forest,61,47.5,48.1,56.7,50.4
H119,30,3,Actor-guided,Haunted mansion,66.4,46.9,77.3,52.5,47.4
H120,22,7,Actor-guided,Witch's forest,71.2,57.2,61.1,63.3,76.9
H121,22,9,Actor-guided,Zombie laboratory,66.8,61.1,64.1,56.9,67.9
H122,26,7,Actor-guided,Haunted mansion,59.4,62.7,69.9,60.1,50.1
H123,10,3,Actor-guided,Zombie laboratory,58.3,39.4,46.9,47.5,61.2
H124,22,5,Actor-guided,Witch's forest,70.3,50.9,64.8,69.5,79.9
H125,10,7,Actor-guided,Witch's forest,61.1,37.3,46,42.9,81.2
H126,30,5,Actor-guided,Zombie laboratory,74.4,56,78.7,64,61.8
H127,30,7,Actor-guided,Haunted mansion,67.7,63.7,76.9,54.9,47.7
H128,26,9,Self-guided,Witch's forest,77.9,65.9,58.1,67.7,55.2
H129,22,3,Self-guided,Witch's forest,68,51,54.3,66,60.9
H130,10,9,Self-guided,Haunted mansion,42.5,44.9,51.3,53.3,44
H131,22,7,Self-guided,Zombie laboratory,64,57.6,58.1,63.9,53.2
H132,14,5,Self-guided,Witch's forest,60.5,49,53.7,51.9,57.3
H133,18,5,Self-guided,Witch's forest,64.9,51.5,53.2,53.7,56.7
H134,26,1,Actor-guided,Zombie laboratory,72,46,68.9,64.4,59.6
H135,18,3,Actor-guided,Witch's forest,73.2,50,57.8,58.2,80.4
H136,10,3,Self-guided,Haunted mansion,46.6,42.7,49.9,55.2,51.1
H137,14,7,Actor-guided,Zombie laboratory,59.4,46.4,50.6,53.7,64.3
H138,18,7,Actor-guided,Haunted mansion,56.7,56.2,63.4,51.3,44.6
H139,10,9,Self-guided,Witch's forest,55.6,41.1,48.9,47,59.3
H140,30,1,Actor-guided,Zombie laboratory,76.1,44.3,76.1,62.2,65.9
H141,18,3,Actor-guided,Zombie laboratory,65.8,43.9,53.3,58.6,61.3
H142,10,7,Self-guided,Haunted mansion,44.9,39,51.8,56.6,49
H143,14,1,Self-guided,Witch's forest,57.5,37.6,52.2,50.4,50.5
H144,10,1,Self-guided,Haunted mansion,39.2,45.5,53.5,55.1,42.2
H145,30,9,Actor-guided,Witch's forest,79.3,77.3,75.3,75.8,70.4
H146,26,3,Self-guided,Haunted mansion,57.8,52.5,59.7,52.2,45.1
H147,22,9,Actor-guided,Haunted mansion,59.1,64.3,61.7,58.7,49.9
H148,26,1,Actor-guided,Witch's forest,76.4,35.8,69.9,68.8,79.1
H149,18,3,Self-guided,Witch's forest,63.9,45.8,51.2,56.5,57.7
H150,26,3,Actor-guided,Zombie laboratory,76.7,55.1,74.6,66.9,59.9
H151,14,5,Actor-guided,Zombie laboratory,56.8,46.1,59.5,53.1,62.9
H152,10,5,Self-guided,Witch's forest,58,42.4,48.3,44.9,56.3
H153,26,1,Self-guided,Witch's forest,68.9,45.9,59.8,74.9,55
H154,30,7,Actor-guided,Witch's forest,75.2,61.3,77.3,78.9,79.1
H155,22,5,Self-guided,Haunted mansion,51.1,53.1,61.3,58.8,47.2
H156,14,7,Self-guided,Haunted mansion,43.4,47.9,51.9,53,51.1
H157,30,1,Self-guided,Haunted mansion,64.8,36.5,66.5,55.5,49.8
H158,30,9,Actor-guided,Haunted mansion,68.9,71.3,76.1,53.7,48.2
H159,14,5,Self-guided,Zombie laboratory,55.4,44,51.4,53.8,47.5
H160,10,5,Self-guided,Zombie laboratory,47.5,39,51.8,45.7,42.8
H161,22,7,Actor-guided,Zombie laboratory,66.1,58.3,63.2,59.2,61.7
H162,10,3,Self-guided,Witch's forest,56,45.3,51.6,45.9,45.3
H163,18,9,Self-guided,Zombie laboratory,54.9,51.8,55.6,58.3,49.5
H164,14,9,Self-guided,Zombie laboratory,55.2,42.4,52.3,48.2,53.5
H165,10,1,Actor-guided,Zombie laboratory,55.8,45.2,45.4,49.3,64.4
H166,10,7,Actor-guided,Haunted mansion,46.2,47.4,42.2,51.1,46
H167,18,1,Actor-guided,Zombie laboratory,60.7,44,55.8,52.3,61.2
H168,14,3,Actor-guided,Zombie laboratory,57.8,41.4,51.4,53.6,68.2
H169,22,7,Self-guided,Witch's forest,71.7,56.6,54.6,63.1,54.7
H170,26,1,Self-guided,Zombie laboratory,67.2,46.4,55.5,64.9,47.6
H171,22,5,Self-guided,Zombie laboratory,57.3,49.2,59,58.2,53.5
H172,10,1,Self-guided,Zombie laboratory,50.1,35.5,55.4,46.1,48
H173,18,1,Self-guided,Witch's forest,62.7,42.8,53.3,59.4,54.4
H174,14,1,Actor-guided,Zombie laboratory,51.7,41.6,44.4,52.9,62.6
H175,14,1,Actor-guided,Witch's forest,69.5,40.6,48.2,53.3,72.9
H176,10,3,Actor-guided,Witch's forest,66.8,42.9,42.6,43.2,75.5
H177,18,5,Actor-guided,Haunted mansion,48.8,48.7,54.1,56.3,44.5
H178,10,5,Actor-guided,Haunted mansion,46.3,45.2,46.3,53.4,45
H179,10,5,Self-guided,Haunted mansion,37.1,41.9,49.6,50.3,43.1
H180,22,3,Actor-guided,Zombie laboratory,64.4,45.5,61.6,59.1,58.7